-- CLEAR

UPDATE SURVEY -- REMOVE IT BECAUSE WE WILL RUN INTO CONSTRAINT PROBLEMS OTHERWISE
SET CHOSEN_TIMESLOT_ID=NULL
WHERE ID = 6;

DELETE
FROM RESPONSE_TIMESLOT
WHERE ID <= 26
  AND ID >= -1;
DELETE
FROM RESPONSE
WHERE ID <= 26
  AND ID >= -1;
DELETE
FROM TIMESLOT
WHERE ID <= 26
  AND ID >= -1;
DELETE
FROM PARTICIPATION
WHERE ID <= 26
  AND ID >= -1;
DELETE
FROM SURVEY
WHERE ID <= 26
  AND ID >= -1;
DELETE
FROM USER
WHERE ID <= 26
  AND ID >= -1;


-- UNUSED USERS

-- PW = password4
INSERT INTO USER (ID, EMAIL, FULL_NAME, PASSWORD_HASH)
VALUES (-1, 'Name-1@examle.com', 'Name-1', '$2a$10$upLmX5blX639STzhEuLwZ.PiFLHEBJXeglUPuKiYLpxvTvyyI1ppm');

-- PW = password0
INSERT INTO USER (ID, EMAIL, FULL_NAME, PASSWORD_HASH)
VALUES (0, 'Name0@example.com', 'Name-0', '$2a$10$.U2xt8HHisWlSGDdUfBO4e4RpgZ41CYVb/YnC/F/XWHT1.gBepqDW');


-- USED USERS

-- PW = password1
INSERT INTO USER (ID, EMAIL, FULL_NAME, PASSWORD_HASH)
VALUES (1, 'Name1@example.com', 'Name1', '$2a$10$Ls0kE/AydHiuaHFdZXJXBuPpp4O51XC2vt.qfk4RlfVLn8OCry4aG');

-- PW = password2
INSERT INTO USER (ID, EMAIL, FULL_NAME, PASSWORD_HASH)
VALUES (2, 'Name2@example.com', 'Name2', '$2a$10$VxrZo8ixzU09.72TdMVew.CYbou0XwCN5c6Wza7fYPYKa4pdJLx7i');

-- PW = password3
INSERT INTO USER (ID, EMAIL, FULL_NAME, PASSWORD_HASH)
VALUES (3, 'Name3@example.com', 'Name3', '$2a$10$6mAknVUkgduqjCOmUePP7uO.Bgibgbbd9dpv.bJdGDUu11sXB6gz.');

-- SURVEYS

INSERT INTO SURVEY (ID, DESCRIPTION, TITLE, CREATOR_ID, CHOSEN_TIMESLOT_ID)
VALUES (4, 'Description4', 'Title4', 1, null);

INSERT INTO SURVEY (ID, DESCRIPTION, TITLE, CREATOR_ID, CHOSEN_TIMESLOT_ID)
VALUES (5, 'Description5', 'Title5', 2, null);

INSERT INTO SURVEY (ID, DESCRIPTION, TITLE, CREATOR_ID, CHOSEN_TIMESLOT_ID)
VALUES (6, 'Description6', 'Title6', 2, null);

INSERT INTO SURVEY (ID, DESCRIPTION, TITLE, CREATOR_ID, CHOSEN_TIMESLOT_ID)
VALUES (7, 'Description7', 'Title7', 3, null);

-- PARTICIPATIONS

INSERT INTO PARTICIPATION (ID, PARTICIPANT_ID, SURVEY_ID)
VALUES (8, 1, 4);

INSERT INTO PARTICIPATION (ID, PARTICIPANT_ID, SURVEY_ID)
VALUES (9, 2, 4);

INSERT INTO PARTICIPATION (ID, PARTICIPANT_ID, SURVEY_ID)
VALUES (10, 3, 4);

INSERT INTO PARTICIPATION (ID, PARTICIPANT_ID, SURVEY_ID)
VALUES (11, 1, 5);

INSERT INTO PARTICIPATION (ID, PARTICIPANT_ID, SURVEY_ID)
VALUES (12, 2, 5);

INSERT INTO PARTICIPATION (ID, PARTICIPANT_ID, SURVEY_ID)
VALUES (13, 3, 6);

-- RESPONSES

INSERT INTO RESPONSE (ID, PARTICIPATION_ID)
VALUES (14, 11);

INSERT INTO RESPONSE (ID, PARTICIPATION_ID)
VALUES (15, 12);

INSERT INTO RESPONSE (ID, PARTICIPATION_ID)
VALUES (16, 13);

-- TIMESLOTS

INSERT INTO TIMESLOT (ID, END, START, SURVEY_ID)
VALUES (17, '2020-02-20 02:20:20Z', '2020-02-20 20:20:20Z', 4);

INSERT INTO TIMESLOT (ID, END, START, SURVEY_ID)
VALUES (18, '2020-02-20 02:22:20Z', '2020-02-20 20:20:20Z', 5);

INSERT INTO TIMESLOT (ID, END, START, SURVEY_ID)
VALUES (19, '2020-02-20 20:22:20Z', '2020-02-20 20:20:20Z', 6);

UPDATE SURVEY
SET CHOSEN_TIMESLOT_ID=19
WHERE ID = 6;

INSERT INTO TIMESLOT (ID, END, START, SURVEY_ID)
VALUES (20, '2020-02-20 20:20:20Z', '2020-02-20 20:20:20Z', 6);

-- RESPONSE-TIMESLOTS

INSERT INTO RESPONSE_TIMESLOT (ID, RESPONSE_TYPE, RESPONSE_ID, TIMESLOT_ID)
VALUES (22, 'NO', 15, 18);

INSERT INTO RESPONSE_TIMESLOT (ID, RESPONSE_TYPE, RESPONSE_ID, TIMESLOT_ID)
VALUES (24, 'YES', 14, 18);

INSERT INTO RESPONSE_TIMESLOT (ID, RESPONSE_TYPE, RESPONSE_ID, TIMESLOT_ID)
VALUES (25, 'YES', 16, 19);

INSERT INTO RESPONSE_TIMESLOT (ID, RESPONSE_TYPE, RESPONSE_ID, TIMESLOT_ID)
VALUES (26, 'YES', 16, 20);

ALTER SEQUENCE HIBERNATE_SEQUENCE RESTART WITH 27;
